ID,NOMBRE,APELLIDO,EMAIL,FECHA_NACIMIENTO,GENERO
1,Cleavland,Ricciardiello,cricciardiello0@yelp.com,1983-04-15,M
2,Jacob,Rhymes,jrhymes1@microsoft.com,1986-01-25,M
3,Hedvige,Kenn,hkenn2@baidu.com,1973-07-03,F
4,Virgie,Knight,vknight3@prlog.org,2007-11-22,F
5,Ogdan,Durrant,odurrant4@rediff.com,2004-08-03,M
6,Lucille,Mabey,lmabey5@shutterfly.com,1996-08-03,F
7,Maximilian,Goodsal,mgoodsal6@microsoft.com,1991-08-27,M
8,Lizette,Treske,ltreske7@hatena.ne.jp,1995-11-10,F
9,Chen,Soltan,csoltan8@phoca.cz,1985-02-11,M
10,Erin,Seint,eseint9@constantcontact.com,1977-07-14,F
11,Debera,Matchett,dmatchetta@sina.com.cn,1965-10-15,F
12,Sampson,Enderlein,senderleinb@imgur.com,1973-12-17,M
13,Tansy,Burless,tburlessc@rambler.ru,1965-06-09,F
14,Laure,Woodfine,lwoodfined@state.gov,1997-08-19,F
15,Gibb,Cowper,gcowpere@alibaba.com,1968-11-22,M
16,Donny,Wolton,dwoltonf@quantcast.com,1994-06-20,F
17,Dylan,Neale,dnealeg@liveinternet.ru,1989-08-16,M
18,Vaughan,Osmant,vosmanth@blogs.com,1984-06-06,M
19,Arni,Pellew,apellewi@goo.gl,2006-06-28,M
20,Purcell,Parmenter,pparmenterj@dmoz.org,2000-03-18,M
21,Jerome,Ponceford,jponcefordk@smh.com.au,1987-08-30,M
22,Colby,Pedrollo,cpedrollol@plala.or.jp,1979-12-30,M
23,Cosme,Annett,cannettm@ucoz.ru,1968-02-07,M
24,Joletta,Jirasek,jjirasekn@flickr.com,1967-07-11,F
25,Stephanus,Brislane,sbrislaneo@si.edu,1973-02-10,M
26,Marilyn,Macvey,mmacveyp@aol.com,1979-03-18,F
27,Sascha,Imesson,simessonq@hexun.com,2001-05-11,F
28,Rodolph,Kubelka,rkubelkar@parallels.com,2003-11-10,M
29,Micheline,Ziemsen,mziemsens@cloudflare.com,1968-05-03,F
30,Evelina,Rattenbury,erattenburyt@xinhuanet.com,1994-12-21,F
31,Geri,Caddell,gcaddellu@zdnet.com,1976-03-02,M
32,Hasty,Cromett,hcromettv@netvibes.com,1994-09-16,M
33,Jack,Chartman,jchartmanw@google.ru,1969-07-28,M
34,Mommy,Liddiatt,mliddiattx@jugem.jp,1998-04-21,F
35,Datha,Slatford,dslatfordy@miibeian.gov.cn,1966-11-23,F
36,Amil,Olney,aolneyz@alexa.com,1975-03-12,F
37,Nikkie,Albisser,nalbisser10@joomla.org,1984-07-23,F
38,Nick,Greder,ngreder11@latimes.com,2009-01-01,M
39,Rand,Drogan,rdrogan12@webmd.com,1995-10-11,M
40,Agustin,Checcuzzi,acheccuzzi13@boston.com,2004-07-23,M
41,Spencer,Burges,sburges14@studiopress.com,1966-03-10,M
42,Alissa,Crasford,acrasford15@utexas.edu,1981-01-02,F
43,Egor,Di Biagi,edibiagi16@slate.com,2000-11-27,M
44,Dulciana,Godilington,dgodilington17@yolasite.com,1993-05-24,F
45,Storm,Dulinty,sdulinty18@mozilla.com,2007-06-03,F
46,Barby,Purches,bpurches19@paypal.com,1979-01-12,F
47,Chadwick,Eger,ceger1a@simplemachines.org,1969-06-02,M
48,Silvester,Melsome,smelsome1b@blogspot.com,1980-05-26,M
49,Leigha,Gatheral,lgatheral1c@umn.edu,1995-03-29,F
50,Tucker,Sieb,tsieb1d@home.pl,1984-02-21,M
51,Richy,Crumley,rcrumley1e@netlog.com,2010-03-15,M
52,Stefa,Ailward,sailward1f@imdb.com,1974-10-17,F
53,Suzann,Ledstone,sledstone1g@weibo.com,1999-02-19,F
54,Marlie,Leipelt,mleipelt1h@xrea.com,1969-10-04,F
55,Kathryne,Meaden,kmeaden1i@odnoklassniki.ru,1969-11-30,F
56,Jessa,Lindsay,jlindsay1j@ted.com,1967-09-16,F
57,Chan,Wrightson,cwrightson1k@tinypic.com,2000-10-18,M
58,Erhard,Legerwood,elegerwood1l@marriott.com,1992-08-02,M
59,Gray,Ackwood,gackwood1m@ihg.com,1999-10-25,M
60,Millard,Hayes,mhayes1n@quantcast.com,2002-12-27,M
61,Casar,Grimsditch,cgrimsditch1o@ft.com,1985-06-28,M
62,Jeremie,Rosenwasser,jrosenwasser1p@jugem.jp,1982-02-22,M
63,Sigmund,Quest,squest1q@zdnet.com,2009-10-31,M
64,Tabby,Mackison,tmackison1r@dagondesign.com,2008-08-09,F
65,Greg,Dalgetty,gdalgetty1s@google.ru,1981-07-28,M
66,Arty,Excell,aexcell1t@wisc.edu,2004-03-18,M
67,Skippy,Humblestone,shumblestone1u@github.io,1983-09-11,M
68,Seumas,Palffrey,spalffrey1v@kickstarter.com,1998-06-13,M
69,Aurelie,Delaney,adelaney1w@spotify.com,1977-01-21,F
70,Consalve,Peers,cpeers1x@infoseek.co.jp,1971-05-14,M
71,Davide,Jendricke,djendricke1y@scientificamerican.com,1991-12-20,M
72,Con,Parnell,cparnell1z@creativecommons.org,1969-06-15,M
73,Erminie,O'Flaherty,eoflaherty20@jigsy.com,2010-02-15,F
74,Dunstan,Manuaud,dmanuaud21@pen.io,1971-08-14,M
75,Sibyl,Tettersell,stettersell22@telegraph.co.uk,2006-01-16,M
76,Hillier,Oseland,hoseland23@digg.com,1988-03-06,M
77,Guthrie,Bentham3,gbentham24@mediafire.com,2009-06-25,M
78,Tann,Eccersley,teccersley25@japanpost.jp,1974-05-28,M
79,Feodora,Sowrey,fsowrey26@mapquest.com,1990-01-18,F
80,Natalya,Scopes,nscopes27@studiopress.com,1999-09-12,F
81,Torrance,Pavlata,tpavlata28@slate.com,1968-04-22,M
82,Lynnell,Erwin,lerwin29@spiegel.de,2002-11-08,F
83,Teodorico,Conyers,tconyers2a@cargocollective.com,2005-04-23,M
84,Helene,Fayter,hfayter2b@bluehost.com,1979-10-01,F
85,Lin,Blaylock,lblaylock2c@pagesperso-orange.fr,1992-06-25,M
86,Hakim,Macellar,hmacellar2d@ehow.com,1999-02-08,M
87,Dylan,Sewell,dsewell2e@state.gov,1997-10-10,M
88,Harli,Peck,hpeck2f@uol.com.br,1969-04-01,F
89,Lettie,Pirot,lpirot2g@nytimes.com,1996-07-02,F
90,Dorthy,Hustler,dhustler2h@newyorker.com,1985-09-22,F
91,Leeland,Kearley,lkearley2i@blogspot.com,1987-02-02,M
92,Hank,Waddams,hwaddams2j@ovh.net,1975-02-14,M
93,Waneta,Lippo,wlippo2k@mashable.com,1985-04-19,F
94,Noelyn,Simmill,nsimmill2l@si.edu,1994-11-20,F
95,Franny,Steedman,fsteedman2m@stumbleupon.com,1997-09-19,F
96,Virgie,Widdecombe,vwiddecombe2n@chron.com,1969-07-02,M
97,Kacie,Beetham,kbeetham2o@mail.ru,1977-03-12,F
98,Adolphe,Van Hove,avanhove2p@arstechnica.com,1975-10-30,M
99,Emma,Mawtus,emawtus2q@creativecommons.org,2008-05-11,F
100,Ashby,Belamy,abelamy2r@sbwire.com,1978-07-18,M
101,Alair,Parley,aparley2s@oaic.gov.au,2002-09-22,M
102,Ulric,Joffe,ujoffe2t@un.org,1972-03-12,M
103,Libbie,Beiderbeck,lbeiderbeck2u@wisc.edu,2006-03-25,F
104,Buffy,Fipp,bfipp2v@xinhuanet.com,2002-04-12,F
105,Ebonee,Reckhouse,ereckhouse2w@oaic.gov.au,2005-08-20,F
106,Dunn,Salters,dsalters2x@twitpic.com,1969-01-19,M
107,Kali,Voas,kvoas2y@cdc.gov,1994-03-28,F
108,Jermaine,Brownjohn,jbrownjohn2z@scientificamerican.com,1965-08-27,M
109,Tatiana,Wethered,twethered30@ft.com,1998-10-19,F
110,Franciska,Attwater,fattwater31@miibeian.gov.cn,1986-08-21,F
111,Gayel,Gurery,ggurery32@networksolutions.com,1965-08-07,F
112,Jeralee,Yule,jyule33@nps.gov,1999-11-06,F
113,Duff,Urlich,durlich34@hp.com,2002-04-26,M
114,Erich,Eliasen,eeliasen35@freewebs.com,1998-03-08,M
115,Pinchas,Knowlton,pknowlton36@theatlantic.com,2010-05-05,M
116,Juliet,Courtliff,jcourtliff37@cpanel.net,1985-01-01,F
117,Eddy,Benoit,ebenoit38@live.com,1977-07-09,F
118,Travis,Cuppitt,tcuppitt39@addthis.com,2003-02-27,M
119,Fee,Kix,fkix3a@icq.com,1991-08-17,M
120,Urbano,Cumberland,ucumberland3b@constantcontact.com,1982-01-02,M
121,Carla,Sherrard,csherrard3c@independent.co.uk,1998-07-08,F
122,Franny,McFetridge,fmcfetridge3d@house.gov,2004-04-25,F
123,Tymon,Shakesbye,tshakesbye3e@plala.or.jp,1981-05-12,M
124,Jessie,Abramovitch,jabramovitch3f@taobao.com,1981-12-22,F
125,Stefan,Dowle,sdowle3g@reference.com,1969-06-04,M
126,Fabio,Dossett,fdossett3h@utexas.edu,1975-11-02,M
127,Ken,Mandell,kmandell3i@utexas.edu,1970-05-26,M
128,Cal,Jacobsohn,cjacobsohn3j@tripadvisor.com,1976-12-04,M
129,Beau,Crix,bcrix3k@fc2.com,1974-01-09,M
130,Sarah,Dugald,sdugald3l@dagondesign.com,2003-01-29,F
131,Wells,Capelle,wcapelle3m@columbia.edu,1989-04-18,M
132,Rochette,Sendley,rsendley3n@dailymotion.com,2007-01-30,F
133,Karlie,Ferras,kferras3o@businessinsider.com,1990-05-28,F
134,Celia,Hyndson,chyndson3p@timesonline.co.uk,2003-08-06,F
135,Janenna,Mytton,jmytton3q@google.com.br,1982-03-22,F
136,Latrina,Potell,lpotell3r@istockphoto.com,1970-06-03,F
137,Tibold,Fills,tfills3s@guardian.co.uk,1981-01-03,M
138,Carlynn,Kusick,ckusick3t@ca.gov,1999-07-31,F
139,Cozmo,Hamilton,chamilton3u@goo.gl,1997-03-03,M
140,Britta,McInteer,bmcinteer3v@merriam-webster.com,1979-12-18,F
141,Jule,Rangeley,jrangeley3w@globo.com,1971-03-29,M
142,Laurie,Hendrik,lhendrik3x@vkontakte.ru,1989-03-15,F
143,Ave,Auton,aauton3y@wikispaces.com,1968-12-14,M
144,Ellary,Yetts,eyetts3z@typepad.com,1977-12-18,M
145,Orion,Marikhin,omarikhin40@facebook.com,1983-10-30,M
146,Shea,Rissen,srissen41@tuttocitta.it,2004-02-07,F
147,Lloyd,Bovaird,lbovaird42@sakura.ne.jp,1978-09-16,M
148,Weidar,Siene,wsiene43@mysql.com,1989-02-24,M
149,Manon,Pagen,mpagen44@people.com.cn,1983-02-16,F
150,Deborah,Officer,dofficer45@flavors.me,1994-11-13,F
151,Nobie,Rubinovici,nrubinovici46@php.net,1967-03-06,M
152,Ingeborg,McLaine,imclaine47@cnn.com,1970-04-26,F
153,Luella,Elby,lelby48@discuz.net,2009-03-29,F
154,Gardy,Saffe,gsaffe49@bizjournals.com,1985-10-08,M
155,Viole,Stigger,vstigger4a@amazon.co.uk,1985-12-21,F
156,Sybilla,Mitchelmore,smitchelmore4b@networksolutions.com,2008-02-16,F
157,Sholom,Petrasch,spetrasch4c@time.com,1991-05-01,M
158,Rowan,Gunter,rgunter4d@archive.org,1980-04-15,M
159,Veronique,Roby,vroby4e@amazon.com,1986-09-29,F
160,Darb,Glenny,dglenny4f@trellian.com,1979-05-05,F
161,Revkah,Pattle,rpattle4g@fda.gov,1976-09-28,F
162,Jeane,Keilloh,jkeilloh4h@fc2.com,1973-03-15,F
163,Dael,Menichelli,dmenichelli4i@examiner.com,1987-09-05,M
164,Peterus,Gorch,pgorch4j@engadget.com,1982-01-19,M
165,Carmina,Dalgliesh,cdalgliesh4k@hhs.gov,1969-10-25,F
166,Edgard,Abramovic,eabramovic4l@china.com.cn,1990-06-30,M
167,Bird,Bessell,bbessell4m@goo.ne.jp,2001-10-06,F
168,Reggie,McOrkill,rmcorkill4n@google.fr,1979-10-11,M
169,Mireielle,Saket,msaket4o@rediff.com,1969-12-28,F
170,Gavan,Minster,gminster4p@utexas.edu,1987-02-03,M
171,Alasdair,Cabrera,acabrera4q@google.pl,1977-01-19,M
172,Elwyn,Friar,efriar4r@hexun.com,1983-10-27,M
173,Ursula,Hagger,uhagger4s@amazonaws.com,1993-01-19,F
174,Pietra,Kiessel,pkiessel4t@gov.uk,1967-09-29,F
175,Franky,Pughe,fpughe4u@yandex.ru,2005-04-11,M
176,Davie,O'Howbane,dohowbane4v@opensource.org,1978-04-25,M
177,Padgett,Boise,pboise4w@mapy.cz,1982-01-01,M
178,Base,Humphries,bhumphries4x@mac.com,2006-01-02,M
179,Karie,Muncaster,kmuncaster4y@topsy.com,1976-12-28,F
180,Lorrie,Mannagh,lmannagh4z@alibaba.com,1978-07-03,M
181,Micky,Elwell,melwell50@meetup.com,1987-06-25,M
182,Richmond,Whittick,rwhittick51@a8.net,1993-02-05,M
183,Minda,Chellingworth,mchellingworth52@w3.org,2006-07-28,F
184,Fee,Steger,fsteger53@constantcontact.com,1980-04-09,M
185,Ernesta,Nouch,enouch54@oaic.gov.au,1998-05-03,F
186,Lothario,Camilleri,lcamilleri55@mozilla.org,2000-07-06,M
187,Roselin,Collett,rcollett56@pinterest.com,2001-09-05,F
188,Barnaby,Noot,bnoot57@nhs.uk,1969-11-02,M
189,Pattin,Arnault,parnault58@tumblr.com,1971-02-25,M
190,Evania,Dabels,edabels59@umich.edu,1984-08-16,F
191,Townie,Beden,tbeden5a@huffingtonpost.com,2003-07-04,M
192,Kary,Milksop,kmilksop5b@behance.net,1969-12-14,F
193,Ingeborg,McBrearty,imcbrearty5c@moonfruit.com,1974-12-01,F
194,Wallie,Capponeer,wcapponeer5d@google.com.br,1968-12-27,M
195,Emalee,Wipper,ewipper5e@hatena.ne.jp,1970-07-24,F
196,Ernestine,Pawson,epawson5f@usda.gov,1979-09-03,F
197,Ginevra,Klaussen,gklaussen5g@ucoz.ru,2000-07-27,F
198,Donnamarie,O'Geneay,dogeneay5h@php.net,1990-05-02,F
199,Ramonda,Guyon,rguyon5i@51.la,2001-01-30,F
200,Danya,Dack,ddack5j@yellowbook.com,1987-01-23,F
201,Hillier,Sawkin,hsawkin5k@creativecommons.org,1968-09-05,M
202,Fabio,Pesselt,fpesselt5l@jimdo.com,1991-03-06,M
203,Wilhelmine,Keyse,wkeyse5m@spiegel.de,1997-11-16,F
204,Shandie,Basezzi,sbasezzi5n@ed.gov,2007-04-23,F
205,Moses,Reditt,mreditt5o@unc.edu,1978-05-13,M
206,Mellicent,Grcic,mgrcic5p@cbc.ca,1998-10-08,F
207,Alexandre,Antonucci,aantonucci5q@quantcast.com,1999-10-25,M
208,Doralin,Sooley,dsooley5r@technorati.com,1982-03-01,F
209,Debee,Ungaretti,dungaretti5s@nytimes.com,2009-05-08,F
210,Gav,Freschini,gfreschini5t@addthis.com,2003-05-18,M
211,Correy,Brayne,cbrayne5u@cargocollective.com,1983-09-11,F
212,Venus,Linner,vlinner5v@chronoengine.com,1980-04-26,F
213,Roanna,Exelby,rexelby5w@wunderground.com,1967-06-21,F
214,Evvie,Wartnaby,ewartnaby5x@census.gov,1987-04-24,F
215,Bjorn,Staff,bstaff5y@wsj.com,1998-10-08,M
216,Stanleigh,Coniam,sconiam5z@flickr.com,2007-08-01,M
217,Arthur,Bonde,abonde60@joomla.org,2008-03-01,M
218,Teddy,Cooke,tcooke61@1688.com,1978-08-29,F
219,Andrus,Stenyng,astenyng62@baidu.com,1989-05-09,M
220,Candy,Jennins,cjennins63@europa.eu,2008-04-18,F
221,Stillman,Juleff,sjuleff64@who.int,1975-07-22,M
222,Annabella,Pittem,apittem65@yale.edu,1976-07-27,F
223,Corbie,Attwooll,cattwooll66@prweb.com,1982-05-13,M
224,Demetria,Lockitt,dlockitt67@paypal.com,1985-06-11,F
225,Lucina,Pillington,lpillington68@yelp.com,1989-02-01,F
226,Horton,Maletratt,hmaletratt69@aol.com,2009-05-15,M
227,Salim,Dudman,sdudman6a@ning.com,1972-02-20,M
228,Ramonda,Langelay,rlangelay6b@gravatar.com,2009-05-30,F
229,Olivero,Vanin,ovanin6c@addtoany.com,1983-11-12,M
230,Jaquith,Willoughway,jwilloughway6d@seattletimes.com,1990-07-03,F
231,Delbert,Franc,dfranc6e@ihg.com,1989-06-19,M
232,Darcey,Soanes,dsoanes6f@guardian.co.uk,1999-04-28,F
233,Saw,McGeachie,smcgeachie6g@devhub.com,1988-01-05,M
234,Luci,Shuttleworth,lshuttleworth6h@nymag.com,2008-02-07,F
235,Zelma,Mesnard,zmesnard6i@linkedin.com,1980-10-21,F
236,Dominique,Baddeley,dbaddeley6j@theguardian.com,1967-06-06,M
237,Andreas,Scantlebury,ascantlebury6k@posterous.com,1966-04-15,M
238,Serge,Scullin,sscullin6l@google.com.br,2007-05-06,M
239,Cammi,Cassels,ccassels6m@stumbleupon.com,2006-04-16,F
240,Corrine,Lilford,clilford6n@google.de,1970-11-07,F
241,Edee,Brandenberg,ebrandenberg6o@earthlink.net,1986-10-15,F
242,Ruddy,Babe,rbabe6p@surveymonkey.com,2007-12-09,M
243,Nigel,O'Shaughnessy,noshaughnessy6q@nsw.gov.au,2001-08-01,M
244,Tammy,Thiese,tthiese6r@furl.net,1994-06-18,F
245,Hugues,Kimmitt,hkimmitt6s@patch.com,2006-09-14,M
246,Kip,Stogill,kstogill6t@creativecommons.org,2006-01-10,F
247,Vic,Wainscoat,vwainscoat6u@technorati.com,1982-08-05,M
248,Horten,Flag,hflag6v@theatlantic.com,1969-04-07,M
249,Chilton,Rickson,crickson6w@moonfruit.com,1982-07-25,M
250,Poul,Jardein,pjardein6x@infoseek.co.jp,2001-08-15,M
251,Bondie,McAlees,bmcalees6y@twitter.com,1966-08-21,M
252,Malchy,Lewis,mlewis6z@skyrock.com,1967-04-19,M
253,Dory,Grannell,dgrannell70@usa.gov,1992-10-17,F
254,Hurley,Ottam,hottam71@msu.edu,1976-05-17,M
255,Perry,Widdup,pwiddup72@auda.org.au,2008-03-08,F
256,Ali,Simmgen,asimmgen73@tuttocitta.it,2006-05-18,F
257,Yorke,Gamett,ygamett74@arizona.edu,2004-08-15,M
258,Geordie,Gallear,ggallear75@cargocollective.com,1973-08-12,M
259,Clarice,McLagain,cmclagain76@csmonitor.com,1974-06-03,F
260,Georgetta,Sweett,gsweett77@technorati.com,1973-03-24,F
261,Nowell,Kocher,nkocher78@bloomberg.com,1978-01-26,M
262,Jorgan,Ciccoloi,jciccoloi79@altervista.org,2010-03-26,M
263,Estelle,Stephen,estephen7a@zimbio.com,1984-10-23,F
264,Sigfried,Waltho,swaltho7b@blogtalkradio.com,1974-07-05,M
265,Corty,Najera,cnajera7c@vk.com,2009-02-02,M
266,Dawn,Koppe,dkoppe7d@cnet.com,2003-01-07,F
267,Mollee,Lufkin,mlufkin7e@oakley.com,1969-02-23,F
268,Emmalee,Snedker,esnedker7f@oracle.com,1978-04-17,F
269,Blinny,Kirvin,bkirvin7g@a8.net,1986-02-28,F
270,Haleigh,MacTimpany,hmactimpany7h@japanpost.jp,1989-03-13,F
271,Alicea,Seyers,aseyers7i@globo.com,1981-01-16,F
272,Emmy,Ciccotto,eciccotto7j@bizjournals.com,1977-06-10,F
273,Randi,Labarre,rlabarre7k@vkontakte.ru,1985-12-22,F
274,Luciano,Braycotton,lbraycotton7l@seesaa.net,2002-12-07,M
275,Gusty,Mozzi,gmozzi7m@taobao.com,1971-04-13,F
276,Herbert,Brognot,hbrognot7n@deliciousdays.com,1965-07-09,M
277,Aline,Rew,arew7o@java.com,1999-10-25,F
278,Parry,Pessel,ppessel7p@baidu.com,1972-11-20,M
279,Bess,Gheorghescu,bgheorghescu7q@typepad.com,2006-10-12,F
280,Lawry,Phette,lphette7r@wikipedia.org,1983-07-30,M
281,Morton,Arrundale,marrundale7s@mit.edu,1990-08-23,M
282,Gayleen,Smart,gsmart7t@go.com,1999-02-25,F
283,Urbanus,Luberti,uluberti7u@washington.edu,1987-01-25,M
284,Sukey,Coplestone,scoplestone7v@chronoengine.com,2005-06-17,F
285,Oralla,Copestake,ocopestake7w@pinterest.com,1983-06-12,F
286,Glad,Mullany,gmullany7x@spotify.com,1987-06-25,F
287,Brennen,Del Castello,bdelcastello7y@webnode.com,1991-03-19,M
288,Sheelagh,Pettifer,spettifer7z@google.it,1991-02-05,F
289,Grazia,Varian,gvarian80@tmall.com,1985-07-02,F
290,Shane,Sailor,ssailor81@seesaa.net,1970-11-11,M
291,Catina,Slimm,cslimm82@cyberchimps.com,2008-11-16,F
292,Hobie,Boswood,hboswood83@fotki.com,1983-09-29,M
293,Jeannine,Kiggel,jkiggel84@ning.com,1999-05-18,F
294,Ronald,Klich,rklich85@phoca.cz,2007-12-05,M
295,Mitch,Kelf,mkelf86@smugmug.com,1986-01-28,M
296,Wallie,Ponder,wponder87@dot.gov,2006-05-14,M
297,Milly,MacGuffie,mmacguffie88@instagram.com,2009-04-07,F
298,Etienne,Berthome,eberthome89@de.vu,1990-10-09,M
299,Gustie,Boothe,gboothe8a@buzzfeed.com,1998-06-11,F
300,Emelita,Meininking,emeininking8b@icio.us,2007-06-06,F
301,Patty,Blesli,pblesli8c@jalbum.net,1992-08-16,F
302,Lenette,Trematick,ltrematick8d@facebook.com,1993-10-06,F
303,Cordelie,Kleinhausen,ckleinhausen8e@photobucket.com,2009-10-25,F
304,Cyndy,Steedman,csteedman8f@dion.ne.jp,1976-03-12,F
305,Willem,Whopples,wwhopples8g@discovery.com,1982-11-04,M
306,Layney,Dyte,ldyte8h@home.pl,1984-07-20,F
307,Myrilla,Furst,mfurst8i@nps.gov,1983-08-05,F
308,Chastity,De Ath,cdeath8j@epa.gov,1980-06-03,F
309,Judd,Balderston,jbalderston8k@springer.com,2005-01-18,M
310,Eliza,Sunderland,esunderland8l@nba.com,1989-02-19,F
311,Rosalynd,Facchini,rfacchini8m@yolasite.com,1984-06-11,F
312,Kathlin,Willoughby,kwilloughby8n@discovery.com,1970-01-29,F
313,Douglass,Stansbie,dstansbie8o@blogtalkradio.com,1990-12-28,M
314,Leilah,Hovenden,lhovenden8p@stanford.edu,2007-02-20,F
315,Paulo,Jiroutek,pjiroutek8q@wufoo.com,1967-10-08,M
316,Ludvig,Hobben,lhobben8r@msn.com,1987-03-13,M
317,Casper,Williamson,cwilliamson8s@goo.ne.jp,1987-07-05,M
318,Sybille,Corselles,scorselles8t@nature.com,1996-01-01,F
319,Karrah,Penwell,kpenwell8u@addthis.com,2002-07-31,F
320,Teresina,Darton,tdarton8v@technorati.com,2003-10-09,F
321,Layne,Gwilliam,lgwilliam8w@blinklist.com,1967-07-26,F
322,Linn,Pattisson,lpattisson8x@list-manage.com,2010-01-17,F
323,Hersch,Micklewright,hmicklewright8y@engadget.com,2003-05-06,M
324,Kimberlee,Elen,kelen8z@un.org,1990-09-22,F
325,Rafaellle,McVitie,rmcvitie90@vimeo.com,1976-06-14,M
326,Tudor,Blades,tblades91@wikimedia.org,1985-09-15,M
327,Ambrosi,Bigly,abigly92@craigslist.org,2009-03-02,M
328,Denni,Guinness,dguinness93@163.com,1975-12-27,F
329,Jan,Isherwood,jisherwood94@narod.ru,1989-10-03,F
330,Roseanne,Lambertson,rlambertson95@shop-pro.jp,1968-03-30,F
331,Flss,Maith,fmaith96@bloglines.com,1998-03-29,F
332,Forster,Crosdill,fcrosdill97@yellowpages.com,1965-11-07,M
333,Henrie,Sibbert,hsibbert98@taobao.com,1970-12-16,F
334,Aylmer,Collier,acollier99@wisc.edu,1970-06-17,M
335,Goran,Rennie,grennie9a@reddit.com,1987-06-29,M
336,Valry,Morrad,vmorrad9b@rambler.ru,1979-05-15,F
337,Durward,Shawyer,dshawyer9c@shutterfly.com,1969-09-28,M
338,Vally,Lentsch,vlentsch9d@acquirethisname.com,2003-02-15,F
339,Teodorico,Ashley,tashley9e@ezinearticles.com,2002-08-28,M
340,Estevan,Rihosek,erihosek9f@nyu.edu,1980-10-22,M
341,Rubie,Muffett,rmuffett9g@unblog.fr,1972-08-29,F
342,Ambrosi,De Bruijne,adebruijne9h@addtoany.com,1971-03-24,M
343,Merrill,Clapison,mclapison9i@scientificamerican.com,2010-04-20,F
344,Bailey,Allewell,ballewell9j@bizjournals.com,1980-06-25,M
345,Amy,Mityushin,amityushin9k@xinhuanet.com,1998-12-25,F
346,Ludovika,Kiff,lkiff9l@hhs.gov,1985-10-18,F
347,Danella,Dungee,ddungee9m@ocn.ne.jp,1987-05-05,F
348,Huntlee,Szymanowski,hszymanowski9n@toplist.cz,1980-01-01,M
349,Marice,Charlewood,mcharlewood9o@chron.com,1991-08-09,F
350,Ermengarde,Mullally,emullally9p@weebly.com,2002-08-01,F
351,Kameko,Srawley,ksrawley9q@symantec.com,2002-02-18,F
352,Audi,Smail,asmail9r@icio.us,2001-11-14,F
353,Isiahi,Rosini,irosini9s@netvibes.com,1977-12-11,M
354,Lorelle,Boynton,lboynton9t@tripod.com,1989-02-08,F
355,Ronnie,Wesker,rwesker9u@state.gov,1971-11-29,F
356,Francisco,Moth,fmoth9v@ucla.edu,1984-03-06,M
357,Daryn,Scawn,dscawn9w@storify.com,1966-12-16,F
358,Junette,Wallett,jwallett9x@youku.com,1967-06-24,F
359,Evonne,Skaid,eskaid9y@ted.com,1987-09-14,F
360,Bren,Tedahl,btedahl9z@i2i.jp,1983-11-29,F
361,Bevon,Huxster,bhuxstera0@forbes.com,1995-11-14,M
362,Salvatore,Ashbolt,sashbolta1@livejournal.com,1968-02-01,M
363,Demetra,Warratt,dwarratta2@blog.com,1993-01-27,F
364,Bronny,Danilovich,bdanilovicha3@w3.org,1982-03-09,M
365,Wolfgang,Joint,wjointa4@oracle.com,2002-12-26,M
366,Karin,Karchewski,kkarchewskia5@mysql.com,1985-12-27,F
367,Alaster,Surfleet,asurfleeta6@issuu.com,2001-10-18,M
368,Zaneta,Prichard,zpricharda7@discuz.net,1985-11-19,F
369,Dodi,Deary,ddearya8@uol.com.br,1999-11-05,F
370,Hannie,Goodhew,hgoodhewa9@about.com,1977-06-04,F
371,Bartholomew,Ortell,bortellaa@ebay.co.uk,1995-10-14,M
372,Viv,Jenkins,vjenkinsab@salon.com,1971-07-19,F
373,Tamarah,Pymar,tpymarac@nyu.edu,1997-06-02,F
374,Garret,Kennerley,gkennerleyad@sogou.com,1989-06-10,M
375,Darbie,Brotheridge,dbrotheridgeae@umn.edu,1978-09-13,F
376,Kynthia,Timlin,ktimlinaf@usa.gov,2002-12-18,F
377,Doro,Ingleton,dingletonag@opensource.org,1997-04-08,F
378,Daron,Collyns,dcollynsah@icq.com,1987-12-29,M
379,Carlina,Pauli,cpauliai@slashdot.org,1984-08-04,F
380,Zebulen,Alforde,zalfordeaj@simplemachines.org,1979-10-08,M
381,Petronia,Feragh,pferaghak@amazon.co.uk,1999-11-09,F
382,Evangelina,Ferrettino,eferrettinoal@springer.com,1979-02-13,F
383,Mitchael,Lafranconi,mlafranconiam@msn.com,1986-05-01,M
384,Mariel,Hayle,mhaylean@google.ca,1980-11-24,F
385,Bond,Bonsall,bbonsallao@amazon.co.uk,2002-12-20,M
386,Minne,Leindecker,mleindeckerap@over-blog.com,2007-02-05,F
387,Vanny,Siward,vsiwardaq@hc360.com,2010-05-09,F
388,Nicholle,Maskell,nmaskellar@mail.ru,1987-07-10,F
389,Shawnee,Goodhew,sgoodhewas@infoseek.co.jp,1978-06-21,F
390,Dinnie,Trounson,dtrounsonat@thetimes.co.uk,2000-07-04,F
391,Billy,Harrell,bharrellau@spiegel.de,1967-01-20,M
392,Marcile,Bemment,mbemmentav@netvibes.com,1989-10-30,F
393,Shelden,Raff,sraffaw@nationalgeographic.com,1987-08-28,M
394,Arley,Sherrell,asherrellax@redcross.org,1992-08-16,M
395,Ollie,Smickle,osmickleay@digg.com,2005-03-21,M
396,Kimball,Grimsley,kgrimsleyaz@adobe.com,1999-08-17,M
397,Pasquale,Saltrese,psaltreseb0@gov.uk,1998-09-19,M
398,Sancho,Jumeau,sjumeaub1@cdbaby.com,1991-06-27,M
399,Deb,Gossage,dgossageb2@ca.gov,1989-02-26,F
400,Corrie,Roswarn,croswarnb3@slashdot.org,2006-05-26,M
401,Garnette,Gierth,ggierthb4@topsy.com,1972-04-28,F
402,Gabie,Dik,gdikb5@bluehost.com,1979-02-12,F
403,Raddie,Dolton,rdoltonb6@tiny.cc,2005-07-11,M
404,Octavius,Cumming,ocummingb7@hostgator.com,1970-12-27,M
405,Herman,Lamswood,hlamswoodb8@economist.com,1969-02-13,M
406,Helen,Bedding,hbeddingb9@meetup.com,1989-05-13,F
407,Chet,Ruggen,cruggenba@dell.com,2010-02-04,M
408,Emelita,MacKeller,emackellerbb@storify.com,2008-03-29,F
409,Renard,Gayden,rgaydenbc@mail.ru,1984-04-16,M
410,Winnie,Buckleigh,wbuckleighbd@youtu.be,1982-01-14,F
411,Skyler,Puig,spuigbe@histats.com,1999-04-21,M
412,Jacinda,Ricardin,jricardinbf@free.fr,1987-11-24,F
413,Zaneta,Raoul,zraoulbg@soup.io,1995-12-26,F
414,Cherida,Halpeine,chalpeinebh@google.com.hk,1991-05-24,F
415,Jenni,Scurrell,jscurrellbi@google.de,1983-06-03,F
416,Tracy,Starr,tstarrbj@gnu.org,2002-08-09,M
417,Marylinda,Billett,mbillettbk@stumbleupon.com,1986-01-31,F
418,Auguste,Costin,acostinbl@hud.gov,1989-07-31,F
419,Gasparo,Batram,gbatrambm@amazon.de,1996-04-12,M
420,Hogan,Matteuzzi,hmatteuzzibn@washington.edu,1996-07-22,M
421,Eba,Rollinshaw,erollinshawbo@google.co.jp,1995-05-04,F
422,Hulda,Marcinkowski,hmarcinkowskibp@de.vu,1992-11-02,F
423,Melicent,Pinwell,mpinwellbq@reverbnation.com,2009-09-17,F
424,Loree,Ritzman,lritzmanbr@abc.net.au,1973-09-12,F
425,Brook,Ritzman,britzmanbs@bloglovin.com,1968-07-13,M
426,Ric,Monnoyer,rmonnoyerbt@kickstarter.com,1997-11-26,M
427,Shaylah,Barritt,sbarrittbu@ucoz.ru,1996-07-24,F
428,Eilis,Hadgkiss,ehadgkissbv@cnn.com,1982-05-19,F
429,Bonnibelle,Skerritt,bskerrittbw@etsy.com,1994-08-21,F
430,Major,Cockerton,mcockertonbx@techcrunch.com,1990-07-05,M
431,Karalee,Geldart,kgeldartby@wikipedia.org,1994-08-01,F
432,Leontine,Narey,lnareybz@chronoengine.com,2010-04-07,F
433,Adelheid,Egiloff,aegiloffc0@dailymotion.com,1971-03-28,F
434,Luisa,Lantaff,llantaffc1@whitehouse.gov,1982-05-13,F
435,Louis,Philipeaux,lphilipeauxc2@youku.com,1992-09-24,M
436,Maggy,Hearse,mhearsec3@pbs.org,1979-06-21,F
437,Gill,Swinburne,gswinburnec4@washington.edu,1975-12-26,M
438,Dorolisa,Basant,dbasantc5@dedecms.com,1977-01-12,F
439,Torey,Spyby,tspybyc6@bloglines.com,1984-10-21,F
440,Kerwin,Drillingcourt,kdrillingcourtc7@multiply.com,2002-10-23,M
441,Kelley,Dorken,kdorkenc8@cdbaby.com,1975-05-23,F
442,Garrard,Beharrell,gbeharrellc9@icq.com,2001-08-15,M
443,Valerye,Sunshine,vsunshineca@google.de,1978-11-26,F
444,Riccardo,Stolli,rstollicb@irs.gov,2000-03-10,M
445,Nerty,Crombleholme,ncrombleholmecc@ox.ac.uk,1969-06-09,F
446,Agata,Woolaston,awoolastoncd@booking.com,2009-05-08,F
447,Elmer,Ludovici,eludovicice@oaic.gov.au,1978-07-31,M
448,Ethelda,Brumbie,ebrumbiecf@baidu.com,1990-01-25,F
449,Tome,Oattes,toattescg@theglobeandmail.com,1978-09-25,M
450,Henriette,Gerrard,hgerrardch@hc360.com,2001-09-28,F
451,Janeen,Nisbith,jnisbithci@joomla.org,2007-01-28,F
452,Marjorie,McClure,mmcclurecj@amazon.co.uk,1986-08-27,F
453,Win,O'dell,wodellck@acquirethisname.com,1980-11-27,M
454,Fremont,Olive,folivecl@blogger.com,1982-01-26,M
455,Flossi,Notman,fnotmancm@census.gov,1967-06-26,F
456,Kory,Scutcheon,kscutcheoncn@newsvine.com,2005-12-20,M
457,Michele,Claringbold,mclaringboldco@pagesperso-orange.fr,2009-06-10,M
458,Kizzee,Dikles,kdiklescp@java.com,1967-03-26,F
459,Blisse,Cuff,bcuffcq@redcross.org,2000-11-02,F
460,Klara,Frier,kfriercr@arstechnica.com,1995-12-27,F
461,Verile,Fairebrother,vfairebrothercs@flickr.com,2008-02-28,F
462,Keeley,Bodimeade,kbodimeadect@engadget.com,2000-02-04,F
463,Jazmin,Thewlis,jthewliscu@hp.com,1985-11-06,F
464,Branden,Brackenridge,bbrackenridgecv@purevolume.com,1968-05-29,M
465,Shani,Sanney,ssanneycw@amazonaws.com,1985-06-02,F
466,Bee,Fydo,bfydocx@nsw.gov.au,1970-08-17,F
467,Feliks,Derbyshire,fderbyshirecy@tinyurl.com,1992-08-08,M
468,Godard,McNamara,gmcnamaracz@networksolutions.com,1968-08-17,M
469,Patti,Halso,phalsod0@fastcompany.com,2005-10-15,F
470,Raina,Wiffen,rwiffend1@google.fr,1990-11-27,F
471,Darius,Viegas,dviegasd2@istockphoto.com,1978-04-03,M
472,Nert,Motto,nmottod3@youtu.be,1969-10-29,F
473,Esme,Gonthard,egonthardd4@arizona.edu,2007-05-28,F
474,Hilliard,Cockshutt,hcockshuttd5@tamu.edu,1982-10-23,M
475,Perl,Le Marchant,plemarchantd6@discovery.com,1998-10-05,F
476,Adriano,McCoveney,amccoveneyd7@wix.com,2008-09-08,M
477,Kennett,Ellick,kellickd8@harvard.edu,1990-01-22,M
478,Ameline,Allworthy,aallworthyd9@i2i.jp,1973-04-29,F
479,Tatum,Inchley,tinchleyda@networksolutions.com,2003-11-28,F
480,Matthew,Zimmerman,mzimmermandb@newyorker.com,1974-01-16,M
481,Agnese,Postan,apostandc@about.com,1971-10-01,F
482,Christian,Colebrook,ccolebrookdd@discovery.com,1970-10-24,M
483,Karin,Cosh,kcoshde@pcworld.com,1992-09-10,F
484,Charlot,De Bellis,cdebellisdf@yellowpages.com,2008-08-02,F
485,Alessandro,Georgeot,ageorgeotdg@reverbnation.com,1975-08-25,M
486,Winfield,Lyes,wlyesdh@dion.ne.jp,2007-11-30,M
487,Dorri,Chong,dchongdi@multiply.com,1974-08-16,F
488,Rancell,Michelmore,rmichelmoredj@gizmodo.com,1974-05-12,M
489,Tedman,Awmack,tawmackdk@flickr.com,2006-07-23,M
490,Malynda,Ambrosini,mambrosinidl@fotki.com,1976-04-25,F
491,Magda,O'Mannion,momanniondm@uiuc.edu,2001-07-23,F
492,Blinnie,Need,bneeddn@dailymail.co.uk,1986-08-13,F
493,Corey,Tribbeck,ctribbeckdo@themeforest.net,2003-10-18,M
494,Lonni,Giovannacc@i,lgiovannaccidp@topsy.com,2001-01-17,F
495,Hannis,Guidi,hguididq@t.co,1980-05-27,F
496,Lynett,Meaney,lmeaneydr@fastcompany.com,2005-10-15,F
497,Hayden,Jurczik,hjurczikds@google.cn,2005-06-19,M
498,Seumas,Soppit,ssoppitdt@nsw.gov.au,1967-02-03,M
499,Morgun,Dollard,mdollarddu@moonfruit.com,2001-04-05,M
500,Idalia,L'Homme,ilhommedv@walmart.com,1965-09-02,F
501,Augusto,Belvin,abelvindw@instagram.com,1998-02-10,M
502,Collin,Redborn,credborndx@moonfruit.com,2000-12-10,M
503,Blythe,Polamontayne,bpolamontaynedy@deviantart.com,1975-07-23,F
504,Celinda,Creer,ccreerdz@spiegel.de,1987-03-15,F
505,Geoffry,Crippill,gcrippille0@washingtonpost.com,1975-08-23,M
506,Georgie,Bedrosian,gbedrosiane1@archive.org,1993-11-05,F
507,Carlita,Moryson,cmorysone2@earthlink.net,1988-12-04,F
508,Kerby,Rubee,krubeee3@miibeian.gov.cn,1972-06-14,M
509,Tuck,Jovanovic,tjovanovice4@newyorker.com,2007-11-27,M
510,William,Brunstan,wbrunstane5@sciencedirect.com,1966-10-14,M
511,Klement,Sawford,ksawforde6@sohu.com,1998-03-17,M
512,Lorelle,Mendel,lmendele7@miitbeian.gov.cn,1974-05-16,F
513,Abagail,Itzakson,aitzaksone8@instagram.com,1989-04-14,F
514,Larisa,Blackler,lblacklere9@livejournal.com,2003-12-15,F
515,Conant,Farny,cfarnyea@wired.com,2009-12-23,M
516,Imogen,Silcock,isilcockeb@ovh.net,2005-05-10,F
517,Erroll,Buist,ebuistec@google.com.hk,2005-12-15,M
518,Amelie,Rowles,arowlesed@nytimes.com,1979-09-27,F
519,Josepha,Clow,jclowee@slashdot.org,1970-04-16,F
520,Reggie,Fasset,rfassetef@xrea.com,1989-11-07,M
521,Hale,Blacket,hblacketeg@seattletimes.com,1969-08-04,M
522,Norby,Fuzzey,nfuzzeyeh@sciencedaily.com,1997-10-22,M
523,Florie,Sneddon,fsneddonei@smugmug.com,1990-04-20,F
524,Lyle,Byrcher,lbyrcherej@nasa.gov,1965-05-26,M
525,Cammie,Cutbirth,ccutbirthek@dot.gov,1975-06-11,F
526,Luigi,Gaughan,lgaughanel@go.com,2000-06-29,M
527,Ellsworth,Mapledoram,emapledoramem@ovh.net,2000-12-01,M
528,Archaimbaud,Alvar,aalvaren@cloudflare.com,1985-08-13,M
529,Cyrille,Karpmann,ckarpmanneo@ted.com,1984-01-26,M
530,Wolfie,Beszant,wbeszantep@earthlink.net,1966-08-11,M
531,Doralin,Tickel,dtickeleq@ted.com,1979-05-04,F
532,Bail,Spinley,bspinleyer@canalblog.com,1996-05-05,M
533,Malinda,Cogin,mcogines@harvard.edu,1980-12-25,F
534,Shep,Boggish,sboggishet@google.com.hk,1979-12-22,M
535,Danyelle,Pritchard,dpritchardeu@businessinsider.com,1976-09-11,F
536,Mureil,Handslip,mhandslipev@foxnews.com,1997-11-13,F
537,Ulises,Inkster,uinksterew@reuters.com,1981-02-25,M
538,Louis,Pracy,lpracyex@techcrunch.com,2005-09-11,M
539,Maurice,O'Loghlen,mologhleney@cdc.gov,2007-04-15,M
540,Josepha,Pimm,jpimmez@nifty.com,1984-08-18,F
541,Colline,Dumbelton,cdumbeltonf0@salon.com,1975-09-28,F
542,Sheba,Lemmens,slemmensf1@friendfeed.com,1971-10-11,F
543,Lodovico,Vass,lvassf2@amazon.de,1973-12-14,M
544,Richart,Sidnall,rsidnallf3@issuu.com,2002-11-27,M
545,Sancho,Vennart,svennartf4@discuz.net,1985-03-10,M
546,Jaquelin,Caudrey,jcaudreyf5@xrea.com,1971-08-01,F
547,Ernest,Cisneros,ecisnerosf6@wired.com,1981-02-10,M
548,Shermie,Poppy,spoppyf7@princeton.edu,1969-02-18,M
549,Jeannette,Nardi,jnardif8@chicagotribune.com,1976-03-04,F
550,Twyla,McConnachie,tmcconnachief9@wunderground.com,2005-03-22,F
551,Chelsy,Dewan,cdewanfa@youtube.com,1970-07-09,F
552,Averell,Downage,adownagefb@blinklist.com,2006-07-15,M
553,Armstrong,Shimuk,ashimukfc@smh.com.au,1979-10-19,M
554,Jethro,Souness,jsounessfd@ycombinator.com,1984-01-26,M
555,Caterina,Frandsen,cfrandsenfe@123-reg.co.uk,1972-01-16,F
556,Abran,Grimoldby,agrimoldbyff@mail.ru,1996-09-16,M
557,Stanton,Ekell,sekellfg@people.com.cn,1980-08-04,M
558,Darby,Swiggs,dswiggsfh@nydailynews.com,1998-10-04,M
559,Maynard,Martinon,mmartinonfi@github.com,1987-12-01,M
560,Abbe,Gierok,agierokfj@hp.com,2009-03-13,F
561,Kerwinn,Innwood,kinnwoodfk@usda.gov,1970-10-28,M
562,Kris,Behnecken,kbehneckenfl@independent.co.uk,2007-03-03,F
563,Novelia,Ditchfield,nditchfieldfm@fotki.com,1981-01-14,F
564,Emmalynne,Cartin,ecartinfn@photobucket.com,2005-12-19,F
565,Reider,Claringbold,rclaringboldfo@pcworld.com,1971-07-20,M
566,Sunny,Chedgey,schedgeyfp@dedecms.com,2003-10-01,M
567,Dougie,Skipsey,dskipseyfq@cpanel.net,2002-02-18,M
568,Fern,Bleby,fblebyfr@skyrock.com,1993-04-10,F
569,Aurel,Arkin,aarkinfs@vistaprint.com,2001-05-01,F
570,Prentiss,Tomasutti,ptomasuttift@spiegel.de,1985-09-15,M
571,Katy,Bibey,kbibeyfu@google.nl,1994-02-21,F
572,Valentine,Harryman,vharrymanfv@who.int,1972-10-25,M
573,Arnuad,Bestwick,abestwickfw@people.com.cn,2008-12-18,M
574,Claudius,Trytsman,ctrytsmanfx@blogger.com,1970-08-29,M
575,Wylma,Trask,wtraskfy@amazon.de,1994-05-24,F
576,Robbie,Fromont,rfromontfz@google.es,1978-10-25,F
577,Nancy,Moorhouse,nmoorhouseg0@narod.ru,1970-09-16,F
578,Arri,Cersey,acerseyg1@posterous.com,1974-12-02,M
579,Raphael,Clee,rcleeg2@google.es,2004-09-09,M
580,Thorn,Gomes,tgomesg3@imageshack.us,1981-05-05,M
581,Anatola,Havesides,ahavesidesg4@eventbrite.com,1988-10-14,F
582,Christopher,Deinhardt,cdeinhardtg5@digg.com,2002-02-01,M
583,Clement,Frankowski,cfrankowskig6@wsj.com,2004-03-17,M
584,Chic,Manwaring,cmanwaringg7@usnews.com,1978-06-01,M
585,Claude,Jorcke,cjorckeg8@toplist.cz,1985-08-10,F
586,Jamison,Mealand,jmealandg9@hibu.com,2005-07-02,M
587,Celesta,Tatem,ctatemga@merriam-webster.com,1973-11-30,F
588,Giraud,Batalle,gbatallegb@microsoft.com,1996-08-16,M
589,Bay,Guilloud,bguilloudgc@etsy.com,1989-04-01,M
590,Wade,Lissaman,wlissamangd@amazon.de,2003-09-12,M
591,Moira,Conaboy,mconaboyge@blogs.com,1973-09-20,F
592,Pierre,Buckel,pbuckelgf@marriott.com,2003-02-26,M
593,Drucill,Severs,dseversgg@berkeley.edu,1984-07-19,F
594,Dar,Bew,dbewgh@networkadvertising.org,1971-07-29,M
595,Miguel,Demogeot,mdemogeotgi@elpais.com,1970-05-02,M
596,Olive,Ramelet,orameletgj@phpbb.com,1998-10-15,F
597,Dolf,Bierling,dbierlinggk@netvibes.com,2005-12-22,M
598,Maddie,Sarath,msarathgl@slate.com,1995-12-24,F
599,Estrellita,Crevy,ecrevygm@phpbb.com,1981-11-23,F
600,Karlens,Tertre,ktertregn@prnewswire.com,2005-03-13,M
601,Merrel,Eddisforth,meddisforthgo@blinklist.com,2000-11-09,M
602,Keri,Wenman,kwenmangp@bloomberg.com,1983-12-18,F
603,Joaquin,Disbrey,jdisbreygq@mozilla.org,1966-12-28,M
604,Merrie,Cordero,mcorderogr@webnode.com,1972-11-07,F
605,Francis,Francecione,ffrancecionegs@mac.com,1965-09-05,M
606,Noelani,Jozefiak,njozefiakgt@multiply.com,1992-11-23,F
607,Salvador,Macias,smaciasgu@businesswire.com,1966-01-11,M
608,Ree,Stuer,rstuergv@vistaprint.com,1991-12-28,F
609,Ruggiero,Rotchell,rrotchellgw@issuu.com,1984-07-04,M
610,Paulina,Winckworth,pwinckworthgx@baidu.com,2004-07-20,F
611,Dion,Alleyn,dalleyngy@ucoz.ru,2006-09-09,F
612,Kendricks,Mc Meekin,kmcmeekingz@cdbaby.com,2004-11-11,M
613,Ambrosio,Bruckman,abruckmanh0@tamu.edu,2001-02-07,M
614,Paco,Parsons,pparsonsh1@cpanel.net,1999-01-29,M
615,Ula,Spottswood,uspottswoodh2@yolasite.com,1998-03-22,F
616,Reinhold,Anespie,ranespieh3@delicious.com,1972-01-01,M
617,Eddie,Cater,ecaterh4@digg.com,2002-09-03,F
618,Renae,Forte,rforteh5@instagram.com,1976-06-30,F
619,Evelyn,Gianulli,egianullih6@ebay.com,1976-06-05,M
620,Emlynn,Feedham,efeedhamh7@nature.com,1978-01-04,F
621,Blake,Raspin,braspinh8@altervista.org,1971-08-16,M
622,Jemima,Bagster,jbagsterh9@barnesandnoble.com,1973-01-02,F
623,Annabela,Romanini,aromaniniha@prlog.org,1972-11-18,F
624,Biddy,Bartel,bbartelhb@moonfruit.com,1988-12-28,F
625,Sloane,Vanyarkin,svanyarkinhc@si.edu,1972-10-03,M
626,Shelby,Du Fray,sdufrayhd@geocities.com,1984-06-22,F
627,Adrianne,Shurville,ashurvillehe@etsy.com,1990-06-29,F
628,Eustace,Duncombe,eduncombehf@china.com.cn,1994-03-24,M
629,Chen,Jorez,cjorezhg@virginia.edu,1989-10-02,M
630,Alli,Skotcher,askotcherhh@php.net,1968-06-18,F
631,Arnoldo,Warwicker,awarwickerhi@github.io,1978-03-13,M
632,Conn,Hotson,chotsonhj@discuz.net,1978-04-18,M
633,Garry,Tempest,gtempesthk@zimbio.com,2005-05-08,M
634,Morgun,Humber,mhumberhl@mozilla.com,1983-05-17,M
635,Ollie,Bruyet,obruyethm@discovery.com,1969-05-27,M
636,Hallsy,Kibby,hkibbyhn@ehow.com,1996-05-04,M
637,Andrea,Yurasov,ayurasovho@shareasale.com,1974-11-24,F
638,Barty,Acres,bacreshp@army.mil,1990-07-09,M
639,Clarie,Lezemore,clezemorehq@archive.org,1973-02-24,F
640,Meridith,Duddle,mduddlehr@163.com,1979-03-02,F
641,Arielle,Leyborne,aleybornehs@ehow.com,2010-04-29,F
642,Nadean,Grogor,ngrogorht@shareasale.com,1982-01-09,F
643,Susan,Enoksson,senokssonhu@youtu.be,1971-07-25,F
644,Kriste,Atlay,katlayhv@ox.ac.uk,2007-04-18,F
645,Leroi,Korpolak,lkorpolakhw@google.com,1999-07-30,M
646,Fedora,Stent,fstenthx@yahoo.com,1990-09-08,F
647,Jaymie,Tommasuzzi,jtommasuzzihy@wikimedia.org,1974-08-28,M
648,Kim,Revie,kreviehz@nationalgeographic.com,1992-04-14,M
649,Mufi,Trowbridge,mtrowbridgei0@google.com,1984-10-30,F
650,Reggy,Cartin,rcartini1@issuu.com,1986-01-30,M
651,Chrissie,Thewys,cthewysi2@cnbc.com,1982-04-30,F
652,Denise,Beachem,dbeachemi3@un.org,2010-05-19,F
653,Allen,Tilling,atillingi4@themeforest.net,1998-08-30,M
654,Rory,Catterall,rcatteralli5@loc.gov,1976-05-30,F
655,Ruy,Pothergill,rpothergilli6@phpbb.com,1992-11-28,M
656,Elliott,Laterza,elaterzai7@virginia.edu,1970-11-26,M
657,Jaquenette,Whetton,jwhettoni8@bizjournals.com,1968-03-08,F
658,Chlo,Lathleiff,clathleiffi9@eepurl.com,1976-07-26,F
659,Merwin,Howlings,mhowlingsia@gnu.org,1998-11-17,M
660,Verene,Cooksey,vcookseyib@fda.gov,1970-10-14,F
661,Sophey,Clorley,sclorleyic@about.me,2009-12-22,F
662,Eziechiele,Pickerin,epickerinid@ask.com,1991-03-28,M
663,Loise,Roblett,lroblettie@npr.org,1992-03-06,F
664,Finlay,Gurner,fgurnerif@europa.eu,1985-11-11,M
665,Korey,Leimster,kleimsterig@imdb.com,1974-06-16,M
666,Donn,Ioselev,dioselevih@pbs.org,1986-06-03,M
667,Egbert,MacGragh,emacgraghii@123-reg.co.uk,1995-05-06,M
668,Norman,O'Luney,noluneyij@usda.gov,1987-11-06,M
669,Travers,Padrick,tpadrickik@amazonaws.com,1966-09-10,M
670,Rosanna,Brooksby,rbrooksbyil@geocities.com,1974-06-11,F
671,Delly,Marquess,dmarquessim@youku.com,1966-11-11,F
672,Johan,Giottini,jgiottiniin@elpais.com,1979-12-11,M
673,Rance,Vercruysse,rvercruysseio@mozilla.org,1986-10-04,M
674,Rainer,Clinkard,rclinkardip@apache.org,1997-12-29,M
675,Auberta,Wetwood,awetwoodiq@indiegogo.com,1992-06-07,F
676,Pearce,Butcher,pbutcherir@wunderground.com,1978-05-02,M
677,Dacy,Zoellner,dzoellneris@sakura.ne.jp,1990-03-04,F
678,Philis,Clucas,pclucasit@squidoo.com,2000-01-24,F
679,Gerry,Gramer,ggrameriu@people.com.cn,1977-08-20,M
680,Tom,Searle,tsearleiv@utexas.edu,1985-09-14,M
681,Neils,Pauls,npaulsiw@exblog.jp,2002-06-27,M
682,Dedra,Keesman,dkeesmanix@mozilla.org,2001-07-30,F
683,Hughie,Sworn,hsworniy@trellian.com,1979-08-22,M
684,Tiler,Cheves,tchevesiz@vk.com,1995-02-10,M
685,Claudell,Ranyell,cranyellj0@trellian.com,1994-09-18,M
686,Joelly,MacGuiness,jmacguinessj1@bloglovin.com,1971-05-30,F
687,Arlette,Abbati,aabbatij2@skype.com,1994-03-24,F
688,Merill,Parkyns,mparkynsj3@pcworld.com,1993-09-02,M
689,Shelli,McCard,smccardj4@sphinn.com,1977-10-13,F
690,Nicolina,Straker,nstrakerj5@springer.com,1996-08-14,F
691,Gray,Kennea,gkenneaj6@nba.com,2007-10-16,F
692,Nico,McTiernan,nmctiernanj7@cnet.com,1967-04-02,M
693,Cassondra,Falkinder,cfalkinderj8@sogou.com,1984-01-21,F
694,Tate,Sandell,tsandellj9@newyorker.com,1966-01-11,M
695,Otho,Whitcher,owhitcherja@surveymonkey.com,1982-11-06,M
696,Jeni,Cornick,jcornickjb@go.com,1969-07-14,F
697,Peterus,Erb,perbjc@mtv.com,1989-09-07,M
698,Hermy,Gleeton,hgleetonjd@phoca.cz,1977-04-20,M
699,Richmond,Blenkinsopp,rblenkinsoppje@123-reg.co.uk,1982-12-17,M
700,Jenda,Rowcliffe,jrowcliffejf@symantec.com,1982-10-22,F
701,Yul,Bolte,yboltejg@ihg.com,1985-03-22,M
702,Alford,Heddan,aheddanjh@icio.us,1971-05-30,M
703,Nancy,Dongall,ndongallji@networkadvertising.org,1973-12-04,F
704,Vonnie,Kubis,vkubisjj@nhs.uk,1968-04-25,F
705,Neal,Perceval,npercevaljk@bbc.co.uk,1982-11-28,M
706,Roman,Grevile,rgrevilejl@loc.gov,2007-06-06,M
707,Robby,Seymark,rseymarkjm@marketwatch.com,1978-07-05,F
708,Brandea,Sidebottom,bsidebottomjn@ebay.com,1993-11-07,F
709,Creigh,Cree,ccreejo@time.com,2002-11-12,M
710,Brita,Kerford,bkerfordjp@purevolume.com,1995-12-09,F
711,Alys,Langhor,alanghorjq@craigslist.org,1999-08-20,F
712,Munmro,Greensall,mgreensalljr@pcworld.com,2001-06-23,M
713,Rodger,Crudgington,rcrudgingtonjs@go.com,1995-07-25,M
714,Deloria,Ferreri,dferrerijt@4shared.com,1992-11-19,F
715,Sharl,Baptista,sbaptistaju@cam.ac.uk,1985-03-10,F
716,Mureil,Cornforth,mcornforthjv@shareasale.com,1982-09-10,F
717,Burr,D'Alesco,bdalescojw@cafepress.com,1989-08-15,M
718,Sarge,Felgate,sfelgatejx@ycombinator.com,2005-04-04,M
719,Bibby,Carnalan,bcarnalanjy@dell.com,1973-01-16,F
720,Carmencita,Midlane,cmidlanejz@cpanel.net,1988-03-25,F
721,Madelle,Flavelle,mflavellek0@ihg.com,2003-09-08,F
722,Trina,Harbottle,tharbottlek1@bloglines.com,1976-08-27,F
723,Marylynne,Niesel,mnieselk2@comsenz.com,1969-08-02,F
724,Shellysheldon,Armell,sarmellk3@eventbrite.com,1990-10-24,M
725,Carey,Cheek,ccheekk4@hao123.com,2003-10-20,M
726,Annabel,Dunkerley,adunkerleyk5@example.com,1966-09-20,F
727,Lani,Symmons,lsymmonsk6@yolasite.com,2006-04-03,F
728,Miranda,Bennison,mbennisonk7@mapy.cz,1989-08-22,F
729,Philippa,Tremble,ptremblek8@omniture.com,1995-09-23,F
730,Lana,Kaming,lkamingk9@nydailynews.com,1972-02-11,F
731,Minnie,Butterly,mbutterlyka@forbes.com,1995-07-13,F
732,Brewer,Klossek,bklossekkb@ibm.com,2008-08-10,M
733,Cecilius,Coull,ccoullkc@canalblog.com,1971-08-25,M
734,Cindelyn,Martinez,cmartinezkd@redcross.org,1998-05-18,F
735,Paulina,Ailmer,pailmerke@techcrunch.com,2003-11-09,F
736,Courtnay,Tucknott,ctucknottkf@tripadvisor.com,1974-06-24,F
737,Dalt,Nund,dnundkg@privacy.gov.au,1994-11-08,M
738,Adelbert,Dyka,adykakh@wikipedia.org,1974-11-21,M
739,Ethan,Oaks,eoakski@squidoo.com,1977-06-07,M
740,Upton,McHarry,umcharrykj@amazonaws.com,1991-11-22,M
741,Gard,Tellesson,gtellessonkk@nps.gov,2007-07-20,M
742,Heriberto,Tidey,htideykl@wunderground.com,2000-01-06,M
743,Estevan,Zamora,ezamorakm@bloomberg.com,1980-03-24,M
744,Cornela,McGahern,cmcgahernkn@constantcontact.com,1971-02-08,F
745,Ashlan,Cordel,acordelko@prlog.org,1986-01-14,F
746,Zarah,Darey,zdareykp@ucla.edu,1995-12-07,F
747,Cornie,Rainforth,crainforthkq@flavors.me,2001-08-19,F
748,Edik,Knibley,eknibleykr@storify.com,1996-04-19,M
749,Selle,Montacute,smontacuteks@vimeo.com,2003-06-05,F
750,Marie-ann,Tourot,mtourotkt@wsj.com,1971-02-24,F
751,Lucinda,MacKeller,lmackellerku@shinystat.com,1999-02-03,F
752,Brigit,Bonaire,bbonairekv@edublogs.org,2004-01-12,F
753,Liane,Kerfut,lkerfutkw@mac.com,1981-10-26,F
754,Austen,Carville,acarvillekx@phpbb.com,1997-10-16,M
755,Keary,Dunsleve,kdunsleveky@canalblog.com,1991-06-06,M
756,Idaline,Labbe,ilabbekz@weibo.com,2009-10-16,F
757,Valida,Sibbson,vsibbsonl0@auda.org.au,1987-02-19,F
758,Zorina,O'Gavin,zogavinl1@npr.org,1990-03-25,F
759,Felicio,Toyer,ftoyerl2@e-recht24.de,1973-10-19,M
760,Lonnie,Fellini,lfellinil3@rediff.com,1980-11-30,F
761,Gale,Sorsbie,gsorsbiel4@prnewswire.com,1995-07-26,F
762,Kim,Fulep,kfulepl5@house.gov,1966-11-07,M
763,Tedman,Wippermann,twippermannl6@php.net,1984-12-14,M
764,Julianne,Leftly,jleftlyl7@blogtalkradio.com,2003-05-24,F
765,Amelia,Guyet,aguyetl8@so-net.ne.jp,1979-04-22,F
766,Lorie,Piel,lpiell9@addtoany.com,1979-05-29,F
767,Margeaux,Grosvenor,mgrosvenorla@epa.gov,1998-08-21,F
768,Ashlee,Ducroe,aducroelb@topsy.com,1967-09-11,F
769,Yvor,Tucsell,ytucselllc@archive.org,2007-05-17,M
770,Mortimer,Vater,mvaterld@npr.org,2007-07-30,M
771,Madelyn,Stroud,mstroudle@accuweather.com,1999-11-29,F
772,Kinnie,Culvey,kculveylf@pbs.org,1998-11-20,M
773,Anatola,Davidovici,adavidovicilg@altervista.org,1965-10-08,F
774,Winny,Ledur,wledurlh@answers.com,2008-01-25,M
775,Eadmund,Mouan,emouanli@nydailynews.com,2000-07-11,M
776,Corbett,Duligal,cduligallj@elegantthemes.com,2006-04-04,M
777,Malynda,Dragge,mdraggelk@omniture.com,2002-04-22,F
778,Jasmine,Iggulden,jigguldenll@mysql.com,1996-06-15,F
779,Britt,Melross,bmelrosslm@nyu.edu,2000-05-05,M
780,Abbe,Upstone,aupstoneln@ask.com,1967-11-26,M
781,Maegan,Carmo,mcarmolo@slashdot.org,1992-05-27,F
782,Elaina,Killock,ekillocklp@typepad.com,2004-04-05,F
783,Gregg,Toun,gtounlq@dailymotion.com,1987-09-24,M
784,Che,Angric,cangriclr@flickr.com,2007-07-13,M
785,Grata,Scurrer,gscurrerls@umn.edu,1968-02-02,F
786,Willy,Holywell,wholywelllt@cdbaby.com,2005-07-29,M
787,Maurizio,Rembaud,mrembaudlu@oracle.com,1987-12-24,M
788,Nicola,Bucklan,nbucklanlv@kickstarter.com,1974-10-13,M
789,Rodie,Markovich,rmarkovichlw@nba.com,1983-11-28,F
790,Jennifer,Gallimore,jgallimorelx@jugem.jp,1966-11-23,F
791,Waldon,Barradell,wbarradellly@un.org,1974-01-10,M
792,Teddi,Cesconi,tcesconilz@amazon.com,1969-05-04,F
793,Fancie,Weiner,fweinerm0@bluehost.com,1987-04-19,F
794,Ashby,Beauly,abeaulym1@china.com.cn,2008-12-03,M
795,Mendy,Mathon,mmathonm2@dot.gov,1983-08-30,M
796,Earl,Isgar,eisgarm3@msn.com,1970-05-28,M
797,Diandra,Mabone,dmabonem4@list-manage.com,1979-05-25,F
798,Nefen,Ruckhard,nruckhardm5@icio.us,1973-12-22,M
799,Charline,Tuxell,ctuxellm6@unicef.org,1991-09-27,F
800,Benedick,Digance,bdigancem7@yelp.com,1968-05-27,M
801,Hashim,Beeton,hbeetonm8@eventbrite.com,2008-10-13,M
802,Marianna,Eagers,meagersm9@howstuffworks.com,1991-11-03,F
803,Dale,Binner,dbinnerma@intel.com,1994-03-03,F
804,Aksel,Ringe,aringemb@issuu.com,1974-06-18,M
805,Regan,Houlridge,rhoulridgemc@ow.ly,1981-10-22,M
806,Sinclare,Lamboll,slambollmd@ox.ac.uk,1994-01-15,M
807,Ive,Chadburn,ichadburnme@skyrock.com,2000-05-09,M
808,Phyllida,Alston,palstonmf@theguardian.com,1978-12-01,F
809,De witt,Tither,dtithermg@cmu.edu,2000-10-20,M
810,Mitchel,Davidge,mdavidgemh@cornell.edu,2003-09-09,M
811,Lena,Shaudfurth,lshaudfurthmi@multiply.com,1994-12-24,F
812,Madelaine,Danielsky,mdanielskymj@clickbank.net,1988-02-28,F
813,Sherri,Alwin,salwinmk@psu.edu,2005-07-31,F
814,Danica,Cage,dcageml@soundcloud.com,1979-01-22,F
815,Aguste,Jobke,ajobkemm@tripod.com,1985-06-18,M
816,Harriette,Gaffer,hgaffermn@w3.org,1974-01-25,F
817,Blythe,Norley,bnorleymo@cisco.com,1984-09-11,F
818,Aigneis,Mitham,amithammp@census.gov,1990-10-15,F
819,Pattie,Trebbett,ptrebbettmq@purevolume.com,1998-03-11,F
820,Hulda,Greensall,hgreensallmr@census.gov,2007-10-14,F
821,Shae,Adolfson,sadolfsonms@yellowbook.com,1967-12-10,F
822,Gerhardt,Robe,grobemt@netvibes.com,1976-03-03,M
823,Dorothea,Staff,dstaffmu@google.com.au,1969-08-19,F
824,Gwenette,Bake,gbakemv@hhs.gov,2002-03-30,F
825,Lorita,Firbanks,lfirbanksmw@globo.com,1969-07-25,F
826,Drucill,Hounsom,dhounsommx@yahoo.com,1970-09-20,F
827,Samuele,Hackney,shackneymy@squarespace.com,1990-04-02,M
828,Gothart,Gouley,ggouleymz@china.com.cn,1975-09-16,M
829,Xaviera,Amner,xamnern0@liveinternet.ru,1977-07-30,F
830,Emmaline,Hallwell,ehallwelln1@clickbank.net,1984-01-08,F
831,Gabie,Cord,gcordn2@wisc.edu,1992-05-22,M
832,Philbert,Kidman,pkidmann3@sourceforge.net,1970-07-20,M
833,Sheilah,Lohde,slohden4@tumblr.com,2002-07-17,F
834,Maxy,Sellman,msellmann5@forbes.com,2009-02-13,M
835,Lorine,Castiglione,lcastiglionen6@drupal.org,1974-06-15,F
836,Ronni,Barthelet,rbartheletn7@mozilla.com,1985-08-27,F
837,Bathsheba,Pinches,bpinchesn8@hao123.com,2006-10-11,F
838,Sherman,Dobinson,sdobinsonn9@weibo.com,2001-06-26,M
839,Allistir,Jeannel,ajeannelna@nature.com,1973-10-25,M
840,Towny,Witch,twitchnb@delicious.com,1997-01-04,M
841,Rodolphe,Verbeek,rverbeeknc@alexa.com,2003-10-08,M
842,Kissiah,Thain,kthainnd@japanpost.jp,1996-02-08,F
843,Juditha,Reading,jreadingne@unc.edu,2009-01-16,F
844,Mellie,Thacke,mthackenf@shutterfly.com,1983-03-27,F
845,Chauncey,Petracchi,cpetracching@lycos.com,1979-02-19,M
846,Bard,Dealey,bdealeynh@spotify.com,2009-10-13,M
847,Adriana,Lynas,alynasni@ibm.com,2001-03-13,F
848,Dody,Pordall,dpordallnj@wikispaces.com,1980-04-04,F
849,Dalston,Thunder,dthundernk@desdev.cn,1969-04-29,M
850,Sibel,Jolliss,sjollissnl@hatena.ne.jp,1974-11-07,F
851,Florella,Ricardou,fricardounm@wikispaces.com,1966-06-08,F
852,Minne,Baswall,mbaswallnn@ocn.ne.jp,1999-08-19,F
853,Claudian,Puden,cpudenno@wiley.com,1985-01-22,M
854,Lorenzo,Weetch,lweetchnp@wufoo.com,1967-10-01,M
855,Artemus,Casini,acasininq@wiley.com,1987-06-24,M
856,Marris,Founds,mfoundsnr@devhub.com,1969-01-02,F
857,Krissie,Peter,kpeterns@lulu.com,1987-01-12,F
858,Leena,Hanington,lhaningtonnt@vimeo.com,1992-09-16,F
859,Ezri,Aviss,eavissnu@homestead.com,1984-12-06,M
860,Zaria,McGinty,zmcgintynv@soup.io,1989-09-22,F
861,Brod,Gilfillan,bgilfillannw@bloglines.com,1986-07-24,M
862,Belle,Slyne,bslynenx@buzzfeed.com,1983-01-11,F
863,Solomon,Flaonier,sflaonierny@pinterest.com,1974-04-20,M
864,Corey,Pattillo,cpattillonz@macromedia.com,2004-11-17,F
865,Nicola,Hurll,nhurllo0@fema.gov,1999-08-12,M
866,Susette,Cheyne,scheyneo1@jigsy.com,1994-12-13,F
867,Rachel,Terbrug,rterbrugo2@yelp.com,1998-02-12,F
868,Latrina,Romans,lromanso3@free.fr,2009-04-11,F
869,Daisi,McComas,dmccomaso4@technorati.com,1991-02-24,F
870,Janenna,Craney,jcraneyo5@lulu.com,1991-06-19,F
871,Robenia,Larkings,rlarkingso6@ed.gov,1983-10-25,F
872,Shamus,Greatrex,sgreatrexo7@dmoz.org,2008-03-25,M
873,Sophie,Lipman,slipmano8@harvard.edu,1991-01-30,F
874,Violetta,Dedam,vdedamo9@huffingtonpost.com,1971-02-19,F
875,Janean,Vankov,jvankovoa@gmpg.org,1978-09-14,F
876,Melisande,McKevany,mmckevanyob@disqus.com,1965-09-28,F
877,Ethan,Scrine,escrineoc@opensource.org,2005-09-16,M
878,Stewart,Loades,sloadesod@ning.com,1970-10-26,M
879,Roxana,Widdup,rwiddupoe@auda.org.au,1982-09-03,F
880,Silvester,Ossulton,sossultonof@biglobe.ne.jp,2005-05-15,M
881,Nicolai,Norville,nnorvilleog@issuu.com,1991-07-29,M
882,Correy,Peaurt,cpeaurtoh@cdbaby.com,1999-08-04,F
883,Courtnay,Baldrick,cbaldrickoi@g.co,2007-03-07,F
884,Hank,Andreone,handreoneoj@geocities.jp,2002-01-05,M
885,Marilyn,Groll,mgrollok@sciencedaily.com,2001-08-17,F
886,Den,Lickorish,dlickorishol@4shared.com,1987-09-12,M
887,Carlotta,Record,crecordom@utexas.edu,1980-04-19,F
888,Darnell,Lockhead,dlockheadon@google.ca,1999-11-10,M
889,Teriann,Bayliss,tbaylissoo@twitpic.com,1982-06-21,F
890,Jorie,Pargeter,jpargeterop@phoca.cz,1979-04-04,F
891,Laina,Wildman,lwildmanoq@google.co.jp,1987-06-30,F
892,Brook,Anster,bansteror@slashdot.org,1979-10-04,M
893,Trenna,Tunbridge,ttunbridgeos@phoca.cz,1975-01-25,F
894,Laurens,Warrilow,lwarrilowot@bing.com,1976-05-02,M
895,Frederico,Campanelle,fcampanelleou@nifty.com,1996-08-12,M
896,Madeline,Rennolds,mrennoldsov@constantcontact.com,1991-07-14,F
897,Philomena,Joannic,pjoannicow@telegraph.co.uk,1989-08-16,F
898,Kaspar,Yarnold,kyarnoldox@who.int,2008-05-14,M
899,Uri,Gaylor,ugayloroy@gizmodo.com,1982-03-29,M
900,Eachelle,Kasting,ekastingoz@yahoo.com,1995-06-09,F
901,Nelson,Seefeldt,nseefeldtp0@acquirethisname.com,2002-07-17,M
902,Chuck,Kitson,ckitsonp1@free.fr,1995-01-18,M
903,Kore,Gadesby,kgadesbyp2@imageshack.us,1987-11-27,F
904,Claretta,Yeowell,cyeowellp3@friendfeed.com,1982-02-10,F
905,Fredelia,Candie,fcandiep4@freewebs.com,1982-08-11,F
906,Aube,Haswell,ahaswellp5@craigslist.org,1975-12-14,M
907,Kristien,Rawson,krawsonp6@wikipedia.org,2009-03-18,F
908,Orton,Broxap,obroxapp7@jimdo.com,1966-04-04,M
909,Erhard,Rosenvasser,erosenvasserp8@gizmodo.com,1981-08-11,M
910,Dietrich,Mille,dmillep9@nih.gov,2002-11-09,M
911,Stevena,Goom,sgoompa@uol.com.br,1981-04-08,F
912,Morganica,Castellani,mcastellanipb@goodreads.com,2007-02-21,F
913,Hugo,Mertsching,hmertschingpc@cam.ac.uk,1967-11-11,M
914,Heindrick,Salling,hsallingpd@stumbleupon.com,1969-10-08,M
915,Wandis,Hewlings,whewlingspe@yahoo.co.jp,1977-02-15,F
916,Moshe,Deaconson,mdeaconsonpf@myspace.com,1980-05-31,M
917,Devland,Saunders,dsaunderspg@nymag.com,1966-11-10,M
918,Callean,Crass,ccrassph@nhs.uk,2009-07-08,M
919,Rahel,Haack,rhaackpi@yellowpages.com,1990-06-30,F
920,Polly,Berks,pberkspj@imageshack.us,1993-05-12,F
921,Meghan,Baldack,mbaldackpk@cbc.ca,1982-02-22,F
922,Shepherd,Primarolo,sprimarolopl@guardian.co.uk,1983-04-13,M
923,Jodi,Worsnip,jworsnippm@upenn.edu,2002-07-11,F
924,Jefferson,Gammade,jgammadepn@go.com,2006-02-14,M
925,Bev,Ferriby,bferribypo@gravatar.com,1980-09-09,M
926,Griselda,Cobelli,gcobellipp@discovery.com,2000-02-08,F
927,Lizzie,Cafe,lcafepq@livejournal.com,1991-07-14,F
928,Alie,Dumphries,adumphriespr@upenn.edu,2007-10-10,F
929,Mallissa,Dowrey,mdowreyps@sitemeter.com,1968-06-21,F
930,Gwendolyn,Philo,gphilopt@answers.com,1995-08-31,F
931,Margie,Coope,mcoopepu@theatlantic.com,1967-09-19,F
932,Sophronia,Chin,schinpv@blogspot.com,1968-06-26,F
933,Benedikt,Fritschmann,bfritschmannpw@sohu.com,1982-10-04,M
934,Latrena,Swadlin,lswadlinpx@jiathis.com,1997-09-08,F
935,Odele,Acklands,oacklandspy@mozilla.org,2009-07-07,F
936,Dani,Penman,dpenmanpz@vk.com,2001-09-23,M
937,Chastity,Daniely,cdanielyq0@army.mil,1995-10-30,F
938,Marylynne,Hember,mhemberq1@redcross.org,1970-12-06,F
939,Marris,Simkovich,msimkovichq2@pinterest.com,1997-09-13,F
940,Leelah,Emett,lemettq3@moonfruit.com,1975-07-29,F
941,Freddy,Normanell,fnormanellq4@shutterfly.com,2000-08-18,F
942,Maximilianus,Beevor,mbeevorq5@alexa.com,1995-02-23,M
943,Christiano,Dressel,cdresselq6@about.com,1972-11-05,M
944,Flem,Dunbabin,fdunbabinq7@issuu.com,1985-08-24,M
945,Dev,Bricknall,dbricknallq8@vistaprint.com,1975-07-11,M
946,Thoma,Mozzi,tmozziq9@cyberchimps.com,2008-07-26,M
947,Sawyer,Olman,solmanqa@live.com,1990-06-24,M
948,Buckie,Pillington,bpillingtonqb@google.it,2005-01-03,M
949,Darsie,Roderick,droderickqc@so-net.ne.jp,1966-04-21,F
950,Beltran,Christophers,bchristophersqd@wiley.com,1996-08-13,M
951,Lezley,Courteney,lcourteneyqe@vimeo.com,2005-03-14,M
952,Abbey,Pedrick,apedrickqf@cdbaby.com,1970-11-27,F
953,Jorie,Conyard,jconyardqg@gnu.org,1977-07-05,F
954,Shawnee,Fleisch,sfleischqh@economist.com,1989-04-15,F
955,Chloe,Harroway,charrowayqi@google.pl,1967-04-29,F
956,Stern,Masseo,smasseoqj@liveinternet.ru,1998-08-24,M
957,Hugues,MacCurlye,hmaccurlyeqk@utexas.edu,1997-03-05,M
958,Joete,Delia,jdeliaql@bbc.co.uk,1982-05-28,F
959,Gaspar,Tams,gtamsqm@g.co,1987-06-09,M
960,Armin,Bellie,abellieqn@samsung.com,1982-08-05,M
961,Adriaens,Heineking,aheinekingqo@wordpress.com,1986-08-16,F
962,Ely,Goulder,egoulderqp@deviantart.com,1971-06-27,M
963,Frazer,Leek,fleekqq@fc2.com,2002-05-24,M
964,Delora,Arlt,darltqr@bloomberg.com,2010-02-20,F
965,Base,Oneil,boneilqs@symantec.com,1990-09-26,M
966,Gusti,Du Hamel,gduhamelqt@wordpress.com,2007-04-23,F
967,Hector,Deporte,hdeportequ@booking.com,1968-12-08,M
968,Skyler,Leavey,sleaveyqv@macromedia.com,1989-03-26,M
969,Leonidas,Grishelyov,lgrishelyovqw@intel.com,1976-11-09,M
970,Madelon,Fills,mfillsqx@berkeley.edu,1974-08-18,F
971,Mahalia,Cosser,mcosserqy@google.com.br,1987-10-20,F
972,Irita,Jansey,ijanseyqz@google.nl,1973-11-18,F
973,Sindee,Sleany,ssleanyr0@google.es,1974-06-03,F
974,Aggy,Gallafant,agallafantr1@npr.org,1977-05-26,F
975,Ingemar,Faucett,ifaucettr2@prweb.com,1992-03-06,M
976,Raquel,Obington,robingtonr3@chron.com,1992-05-18,F
977,Janeva,Hatz,jhatzr4@photobucket.com,1988-11-11,F
978,Parsifal,Du Hamel,pduhamelr5@unc.edu,1994-01-31,M
979,Kirsten,Yeates,kyeatesr6@bandcamp.com,1984-02-26,F
980,Pippy,Goodlud,pgoodludr7@ovh.net,1991-09-26,F
981,Glyn,Lintin,glintinr8@edublogs.org,1977-09-07,M
982,Boote,Ridgwell,bridgwellr9@soup.io,2007-04-11,M
983,Huntlee,Cathersides,hcathersidesra@whitehouse.gov,1992-06-20,M
984,Teodoro,Strutton,tstruttonrb@4shared.com,1984-01-16,M
985,Ashlan,Lobley,alobleyrc@tuttocitta.it,1977-04-22,F
986,Forbes,Hadigate,fhadigaterd@paginegialle.it,1981-04-19,M
987,Cathryn,Franscioni,cfranscionire@goo.gl,1972-10-05,F
988,Sharlene,Batch,sbatchrf@liveinternet.ru,1986-06-16,F
989,Andromache,Eliet,aelietrg@cisco.com,1992-11-07,F
990,Birk,Weir,bweirrh@skyrock.com,1980-06-04,M
991,Bronson,Volke,bvolkeri@cbsnews.com,1989-02-16,M
992,Alisun,McGee,amcgeerj@lycos.com,1989-03-10,F
993,Roxana,Bradnocke,rbradnockerk@deviantart.com,1967-12-31,F
994,Jimmie,Greswell,jgreswellrl@google.es,2003-07-23,M
995,Dyane,Teape,dteaperm@eepurl.com,1968-11-10,F
996,Jori,Stitt,jstittrn@fda.gov,1996-04-01,F
997,Merci,Morgan,mmorganro@auda.org.au,1994-11-04,F
998,Cleve,Herety,cheretyrp@smh.com.au,2005-07-17,M
999,Wilmette,Djordjevic,wdjordjevicrq@blog.com,1986-05-25,F
1000,Lisle,Brew,lbrewrr@boston.com,1969-04-17,M

